,GDP_0,CP_0,CG,IFIX_0,IP_0,IPC,IG,JJ_0,NETEXPORT_0,EX_0,IM_0,CPI_0,WPI_0,M1B_0,M2_0,EROC
1962-01-01,,,,,,,,,,,,,,,,
1962-04-01,,,,,,,,,,,,,,,,
1962-07-01,,,,,,,,,,,,,,,,
1962-10-01,,,,,,,,,,,,,,,,
1963-01-01,,,,,,,,,,,,,,0.06086956521739184,0.17267552182163626,
1963-04-01,,,,,,,,,,,,,,0.0792951541850222,0.17614678899082636,
1963-07-01,,,,,,,,,,,,,,0.18502202643171817,0.25044404973357115,
1963-10-01,,,,,,,,,,,,,,0.27731092436974425,0.2835314091680836,
1964-01-01,,,,,,,,,,,,,,0.3852459016393366,0.3576051779935243,
1964-04-01,,,,,,,,,,,,,,0.4734693877550993,0.4009360374415003,
1964-07-01,,,,,,,,,,,,,,0.4200743494423764,0.35511363636364024,
1964-10-01,,,,,,,,,,,,,,0.3355263157894748,0.2910052910052896,
1965-01-01,,,,,,,,,,,,,,0.28994082840237145,0.22169249106078714,
1965-04-01,,,,,,,,,,,,,,0.1883656509695324,0.15590200445434443,
1965-07-01,,,,,,,,,,,,,,0.13350785340314175,0.12264150943396235,
1965-10-01,,,,,,,,,,,,,,0.1059113300492589,0.13934426229508112,
1966-01-01,,,,,,,,,,,,,,0.0596330275229382,0.13756097560975644,
1966-04-01,,,,,,,,,,,,,,0.11655011655011194,0.17919075144508678,
1966-07-01,,,,,,,,,,,,,,0.1547344110854485,0.20915032679738377,
1966-10-01,,,,,,,,,,,,,,0.15367483296213869,0.21672661870503807,
1967-01-01,,,,0.3421288647628038,0.3349487676543894,0.5759036144578313,0.007115489874110592,,,,,,,0.18614718614718173,0.2281303602058331,
1967-04-01,,,,0.26195890522212295,0.2956791459280097,0.21567150122433598,0.2158834393597373,,,,,,,0.1941544885177462,0.223856209150326,
1967-07-01,,,,0.19656148867313905,0.13063569376795314,0.42557597721977736,0.16615919965202264,,,,,,,0.18600000000000083,0.2108108108108111,
1967-10-01,,,,0.19807589165996253,0.03544175004239447,0.53285140562249,0.2423263327948304,,,,,,,0.2567567567567617,0.22764227642276258,
1968-01-01,,,,0.10167762810818415,0.07032465511876351,0.1843599825251201,0.14130434782608692,,,,,,,0.3065693430656946,0.21997206703910632,
1968-04-01,,,,0.22704894294816103,0.1917381137957912,0.31158971180663153,0.20995780590717295,,,,,,,0.29895104895105007,0.21361815754339197,
1968-07-01,,,,0.15152642077149325,0.08063625317574274,0.36335572907209013,0.082804923535994,,,,,,,0.2529510961214174,0.1798469387755104,
1968-10-01,,,,0.36109789877171883,0.3924555082432579,0.34992664011737573,0.27064369310793235,,,,,,,0.16129032258064524,0.13666465984346865,
1969-01-01,,,,0.05251564295747668,-0.052669832348095746,0.3308742161563998,0.14214285714285713,,,,,,,0.06564245810056013,0.0870062965083005,
1969-04-01,,,,0.159337057142108,-0.02854339904699621,0.5424689899586532,0.1380945738596735,,,,,,,0.08075370121130576,0.1012101210121008,
1969-07-01,,,,0.2530166466046211,0.4704589594194011,-0.06819392647842304,-0.052015156734412704,,,,,,,0.12113055181695853,0.1318918918918932,
1969-10-01,,,,0.08045717104857442,0.057396008938722654,-0.03827342597624406,0.5728540360752206,,,,,,,0.15740740740740478,0.18379237288135641,
1970-01-01,,,,0.23776881312748332,0.29911513477571483,0.04864190687361414,0.393370856785491,,,,,,,0.20314547837483765,0.23170089520800308,
1970-04-01,,,,0.09498066004659678,0.1529694638134167,-0.10323964157157084,0.476774114474813,,,,,,,0.16189290161893188,0.2222777222777217,
1970-07-01,,,,0.21867897560861316,0.025059956205901734,0.7404230989136649,0.4761991279069768,,,,,,,0.13805522208883825,0.21107927411652305,
1970-10-01,,,,0.19497345940906752,0.2480812724778465,0.177349047465289,0.05498169987799928,,,,,,,0.12457142857143122,0.2035794183445181,
1971-01-01,,,,0.18618898255244076,-0.017638489704319027,0.7423021012290207,0.1762417713943747,,,,,,,0.19825708061001968,0.24412141941000542,
1971-04-01,,,,0.17203767972235995,0.15415415415415423,0.24835596549662653,0.08930201676487681,,,,,,,0.22722400857448877,0.269718022067831,
1971-07-01,,,,0.26884180573713756,0.4052963515529635,0.010758869908015667,0.2622769230769231,,,,,,,0.26793248945147474,0.3004731861198704,
1971-10-01,,,,0.3151459185785477,0.32232190600677324,0.5033253342475146,-0.10184257189114176,,,,,,,0.30386178861788427,0.2918215613382873,
1972-01-01,,,,0.314630417716812,0.4395014227886658,0.20327669902912615,0.09030780971762908,,,,,,,0.2681818181818205,0.2608247422680412,
1972-04-01,,,,0.3821559503666103,0.4878577623590634,0.41349114045289737,-0.008609523809523845,,,,,,,0.28209606986899693,0.2549082716446749,
1972-07-01,,,,0.11697855898174114,-0.1969839546386778,0.8755179978873813,0.3171801872074882,,,,,,,0.27537437603993564,0.26349302607641367,
1972-10-01,,,,0.02998680435335288,0.17098759884974846,-0.22603302015871563,0.12111587982832628,,,,,,,0.3296960249415437,0.3050359712230195,
1973-01-01,,,,0.0488717078383305,0.027814127015062473,0.01374180534543612,0.28709752683154455,,,,,,,0.4315412186379912,0.36576723902970576,
1973-04-01,,,,0.14560432553750413,0.300738365879724,-0.07013213300421084,0.0480325853058714,,,,,,,0.508174386920982,0.38702231341369786,
1973-07-01,,,,0.1698297497117276,0.5968871127670443,-0.31258123212893163,0.11858760826115922,,,,,,,0.5942596216568805,0.3954883609311233,
1973-10-01,,,,0.07791490362012232,-0.06461638815877824,0.43394225103123163,0.07610443304494297,,,,,,,0.5404454865181731,0.32723263506064315,
1974-01-01,,,,0.11614179126839064,0.16954707985697248,-0.011130456410894163,0.1811837215625849,,,,,,,0.3965948923385081,0.23428457393733626,
1974-04-01,,,,0.0442806892559775,-0.17543040669231058,0.4922444305642306,0.1812715406614358,,,,,,,0.21725383920505825,0.187684911242608,
1974-07-01,,,,0.16734698610756782,0.02425394197117381,0.6641457112245541,-0.0199192641122361,,,,,,,0.14852700490998383,0.19535683576956342,
1974-10-01,,,,0.1976905211047988,0.347861757768434,-0.015739294813840732,0.1070081821415867,,,,,,,0.09512937595129345,0.22163150024921285,
1975-01-01,,,,0.1676152379929663,-0.17825130283729007,0.8652455511538704,0.3228207489257213,,,,,,,0.12226604517748041,0.3118835893290228,
1975-04-01,,,,0.21930628690813747,0.04010507484318038,0.38142244235934286,0.40927431870383013,,,,,,,0.24897959183673501,0.33691421454148984,
1975-07-01,,,,0.14807529925992147,0.0636355286121062,0.15163794735845482,0.5580013504388925,,,,,,,0.27680798004986906,0.3154941735002157,
1975-10-01,,,,0.22768779759466118,-0.06757970022064974,0.7322450002087595,0.645799858602738,,,,,,,0.3182765809589927,0.2991976064191473,
1976-01-01,,,,0.256595964821521,0.0690267482172553,0.35350436570812116,0.4997389639770289,,,,,,,0.28945686900958556,0.23995563224057248,
1976-04-01,,,,0.16811203972444666,0.012627912040060973,0.2162912837087163,0.4529556867236366,,,,,,,0.20974450386214794,0.2113660183999071,
1976-07-01,,,,-0.07532166373917337,-0.04601115736023076,-0.2360485382616988,0.19095085377481147,,,,,,,0.1648995535714295,0.19313210848643703,
1976-10-01,,,,-0.11383186995728523,-0.0176583869177791,-0.34247631902431974,0.1984613582223611,,,,,,,0.19030047443331943,0.22621166125824277,
1977-01-01,,,,-0.021316499702666802,0.16634148913731273,-0.2746270143714663,0.2660323354219849,,,,,,,0.21233894945490883,0.2587217970380693,
1977-04-01,,,,-0.02261671331706805,0.1681573855084928,-0.2952667635457754,0.2807033500075793,,,,,,,0.2752946954813391,0.3043645452797532,
1977-07-01,,,,0.11061516291430395,0.17456322983615458,-0.03422151435581766,0.14028384279475992,,,,,,,0.33413173652694783,0.3322639780018355,
1977-10-01,,,,0.09445346365629548,0.1368122009569377,0.0370967741935484,0.06614747955293421,,,,,,,0.35562444641275315,0.3289226566501644,
1978-01-01,,,,0.20778686609020802,0.34988810271944293,0.152697180922295,0.026182329219112788,,,,,,,0.36398937257305963,0.3156980416929889,
1978-04-01,,,,0.17250911207081376,0.20207616277999674,0.34830765605208125,-0.12072720386327052,,,,,,,0.38089736183323497,0.30535082547169856,
1978-07-01,,,,0.056577384212255666,0.09665983322286786,0.06672312355143517,-0.06784745492261046,,,,,,,0.3621184919210103,0.30842793257653867,
1978-10-01,,,,0.11866039683449947,0.18234030426586,0.129294500212074,-0.07891439224915187,,,,,,,0.3590329957530247,0.30892272114087493,
1979-01-01,,,,0.09974226604645398,0.21535627564263593,0.003723562704796013,-0.01958974664324631,,,,,,,0.34626910398561983,0.2902412675549153,
1979-04-01,,,,0.14459428571428568,0.2539733578318788,0.07517860654125985,0.030637518845574085,,,,,,,0.20122716497001836,0.18971260798373923,
1979-07-01,,,,0.14032471571426286,0.11546354078821608,0.27777545648268087,0.030435824574617465,,,,,,,0.1519704758138909,0.12451361867704214,
1979-10-01,,,,0.16168389107611558,0.0993893997824582,0.3139906103286385,0.11915585492915692,,,,,,,0.0985576923076914,0.09869454259913568,
1980-01-01,,,,0.05517629671335067,0.0791319324836377,0.05226294702478107,-0.012480641340985699,,,,,,,0.1097384529771821,0.11154526002418796,
1980-04-01,,,,0.202303926602992,0.13811250717364487,0.32585548240266604,0.13249046549292087,,,,,,,0.19003947062920967,0.1778273456409285,
1980-07-01,,,,0.24255414373527096,0.08153673626249014,0.646708740721363,0.14127184530533587,,,,,,,0.228947368421053,0.21313008510240472,
1980-10-01,,,,0.11530427926735265,0.10741469447411323,0.14544328521747407,0.0826019924098671,,,,,,,0.24649890590809687,0.22262920444901035,
1981-01-01,,,,0.16523044087240701,0.07020097551009985,0.37313853790613716,0.10372078720787203,,,,,,,0.20760204593320664,0.21162537663207281,-0.0003330678042782198
1981-04-01,,,,0.01568409713225427,0.09291047978714273,-0.11243256498283472,0.10308160723347326,,,,,,,0.15647253926446014,0.18700136997340655,0.009301744944100854
1981-07-01,,,,-0.003928322189955202,0.03765407647319252,-0.1020294690019461,0.08800582241630273,,,,,,,0.11172144120659167,0.17059821153252774,0.032712683880259164
1981-10-01,,,,0.04619215429741086,0.03183788667905252,0.04851522209282977,0.09210165963739936,,,,,,,0.11015535855349956,0.17401629461838874,0.052549130905377606
1982-01-01,0.04517180342569582,0.04233856968117222,0.086247282327363,-0.03041161285152516,-0.053474276987687364,-0.08411042188719553,0.15256456690719644,-1.7779402304228318,-0.5696346862922214,0.09076365575499024,-0.10100923230403391,0.035800857728883084,0.0185163585055248,0.12508761730753282,0.19506890477670713,0.052483986595107224
1982-04-01,0.05199468190973566,0.05863900969432856,0.0772395377509758,0.048858093333582486,-0.032689362704676594,0.07326633512916159,0.22758923530518782,79.8,-0.27933173316856386,-0.017360799673114657,-0.06276955524157501,0.030552147239263805,0.00993225654617036,0.10721383382539207,0.21064869819069965,0.06448190466243187
1982-07-01,0.04720034010260177,0.05364701518589632,0.059255199700582795,-0.005328105047856857,-0.017144589405609367,0.03659885006634234,-0.047360393867230344,-2.461004626569729,-0.02718386104295678,0.0044690432809653124,0.0009245529873527225,0.03074608904933762,-0.0044333687629474205,0.1694271836529615,0.2599618044122498,0.06860810406980344
1982-10-01,0.04791037636685491,0.07210429788020534,0.0531303713909268,0.028147565452418366,0.051429133664584015,0.040955157573233425,-0.07367655540787921,1.0136765888978276,0.2562172774869109,0.0062161414863439735,0.034030198501906694,0.021225422403944982,-0.006859634490367972,0.13480787476280853,0.2472577332420498,0.06185051932019148
1983-01-01,0.042694463742040334,0.048233735686814994,0.05185467585615311,-0.03955959619812266,-0.03391988302619309,-0.02105806104370833,-0.08438685972588167,0.2286874154262517,-0.17878402092007017,0.050627777777777716,0.01873597910677649,0.027542754275427628,-0.006286251810088128,0.15591584374017486,0.24857814104459042,0.05268156277204761
1983-04-01,0.08385954290903586,0.06950258746121607,0.05643123999288391,-0.05612401719491278,-0.01592279120745299,-0.08729788432145447,-0.09252729657451408,1.6896314631463145,-0.9999010717230008,0.17530603758658803,0.018670639891351648,0.027919990475056,-0.01160496781714504,0.20795107732579865,0.2758404015197229,0.033680796730039875
1983-07-01,0.11289807059878543,0.05947308749605251,0.061839863713798904,0.02381236402469855,0.1360422211814163,-0.15637333333333336,0.03606437659747774,1.0190002261931688,-0.5516233636254454,0.2158967012658104,0.13236344940569555,-5.837370848116308e-05,-0.001216829981234735,0.19779893197785903,0.2674339292471648,0.011042332721129977
1983-10-01,0.11777567147949353,0.08752847818418585,0.07032128182493658,0.08826645217613072,0.1965806367090266,-0.07828754334489196,0.05170686807980718,0.5193268078306033,0.17218025527481107,0.2507327796775769,0.24011548075907485,-5.8878944888762774e-05,0.00490709404064904,0.18495720421791884,0.26830055754355553,0.0006223859788885289
1984-01-01,0.11889190807350425,0.085211384657502,0.0760853560466197,0.08641641413986201,0.23596414545359656,-0.12015486117474572,0.06460214372458939,0.49198482623592765,-0.8686051870783927,0.29208462665179025,0.1620152126960277,-0.01191310441485638,0.002207675748056248,0.1773784436185295,0.2637616823727884,0.005839013632718437
1984-04-01,0.11674249342974363,0.09674117401295179,0.06157309173374648,0.07582379203911538,0.1924532582577938,-0.05824181635495074,0.022956358517128184,-0.6384784498184979,-1190.6666666666667,0.24502951227089165,0.22961457645693373,-0.005443910349220538,0.01834757137790599,0.14582743373157436,0.2399547186828952,-0.007578804327462163
1984-07-01,0.0975019157922532,0.092347459821843,0.1231794926644918,0.09926484866979224,0.18635870002413313,-0.10871159438614242,0.14004933987583712,1.5210620658749718,0.7899107142857142,0.15251858732322443,0.17998699454771416,0.006771745475772306,0.019897893486808815,0.12563149354725756,0.22837408484113486,-0.023473125513941873
1984-10-01,0.07261542463259207,0.08362009047787433,0.09794939953481752,0.011884213420102707,0.10212795908312411,-0.2671517456642619,0.16515225617133011,-0.19301186602241727,-0.54825,0.09164144126550133,0.009890554467251622,0.00948006830359649,0.013428554767655365,0.11503520453910654,0.21915873050221846,-0.021404224616226597
1985-01-01,0.05669733204360394,0.06071315147542755,0.059643287564534964,0.00446398261932246,0.02404780001689044,-0.057775926263441524,0.036627402355858596,-0.571211810539266,1.047831632653061,0.05156128504194801,0.06418544887387578,0.014007092198581539,-0.002729532536479895,0.10260757692124045,0.20484137998488405,-0.020504771158781132
1985-04-01,0.04240183267350761,0.05025856650349514,0.07601723818840389,-0.053629711518214385,-0.010689175048213762,-0.20256434253626576,0.05378179015743689,-1.3442228821948805,3.402073409918745,-0.005014589787841639,-0.04768254213320511,-0.0054737087288179165,-0.0348277093876731,0.07820717677513578,0.20465474716008414,-0.0008809619097241983
1985-07-01,0.03570064342019763,0.046629389398344934,0.05855963094047745,-0.02790648375276339,-0.07880929980251061,0.000453952221528775,0.11980120324352606,-0.8456650224414523,-1.7876490247917394,-0.013980134044609405,-0.1299255220629476,-0.008175808883219338,-0.04958563102276847,0.06585239935498821,0.19820412161709666,0.028801449386307354
1985-10-01,0.05804780692926448,0.054472659019249026,0.08167787120900982,-0.059382348749376423,-0.10116513396911897,-0.07350576820015231,0.12566000220921247,-0.021017473829986533,-1.6701715550636413,0.06171638564634674,-0.0372595942664572,-0.006591227251515286,-0.04782968236388385,0.10382066457711936,0.21146680827642572,0.016413823612414058
1986-01-01,0.10179339823776412,0.06283763123025166,0.05357444399193434,0.059018683429369556,0.05339875883965939,0.019398695700232116,0.12894119898569456,1.8434391736801836,-4.7614450327000934,0.20859392330773807,0.08740521925344846,-0.007810223232500468,-0.011171981129709962,0.15877015980268405,0.2196060475046382,-0.001518543012667184
1986-04-01,0.09550092068880711,0.06830387402888571,0.06829294661680363,0.043133219300319325,0.026932995323222242,-0.0006572307114522946,0.13547162583363814,3.181594083812654,0.007701610336706688,0.2095670315661886,0.22125276344878397,0.0017565431231336692,0.03223420346361894,0.2698500455876922,0.20879115058622078,-0.03327933733558719
1986-07-01,0.12319812430098365,0.08600100865908167,0.007041831175970792,0.16642003769529112,0.21522225187011768,0.13093415007656972,0.06156165721687801,-2.861790958825223,0.8863204559848006,0.3043904406717288,0.2699532275957186,0.01204326220403451,0.04363124199524804,0.38124769526695124,0.21754575800859888,-0.07193862745146684
1986-10-01,0.13789353294950302,0.08714573235411494,0.029466721290180686,0.23385023319680864,0.2588674597974281,0.286479739397814,0.1005240123250839,-0.9504888703973372,1.7897054775667494,0.3921268521801402,0.3365283536763417,0.022077388291937616,0.04525235257913063,0.47812414011861737,0.22436083139236063,-0.09182481496211692
1987-01-01,0.13119833128082448,0.1071185966594741,0.06612832515450218,0.2260989814642449,0.26090658211496676,0.276470588235294,0.06532886929988124,0.02263630553967233,0.41405861897665175,0.21935488025967076,0.20293235471785076,0.008047935146567209,0.0012327150004680654,0.49999299554304355,0.23039309294007437,-0.10948099953380908
1987-04-01,0.14250032303066273,0.11818855080244539,0.07640256131893208,0.22475025774112134,0.3015594674656952,0.21428068115091015,0.055820515573003826,0.19483199056789147,0.15847650328448704,0.2856513476157567,0.2917260022688326,0.000876731544800835,-0.018059219283265815,0.5124615019089758,0.2523928156376891,-0.16150031402042564
1987-07-01,0.13609919135167403,0.10732557773439955,0.14725135112333065,0.20388695253484324,0.3151415115768432,-0.09669249479676023,0.19741948389677932,-1.5007732755954222,-0.21591405069665937,0.23467403069127246,0.2742803685363018,0.007798509618161864,-0.008164769000461591,0.4430878074034752,0.23261305543953625,-0.19076737231173813
1987-10-01,0.10245081500803166,0.12721058252579676,0.14822669565555002,0.1568789982462402,0.1957331527260413,0.05622737061315286,0.13276861346411062,54.95546218487395,-2.7200460450583783,0.09478504479651817,0.32851766685055406,0.003676681794679837,-0.021217135932437237,0.41691242415183627,0.22696627526678959,-0.18619671526111825
1988-01-01,0.08709073179675886,0.11581654290019583,0.081919517511861,0.1508122763257782,0.20939563978982823,-0.05583044872475529,0.2580805569368474,-3.222010261807657,-4.1460565606885655,0.10778863751000212,0.5295565573032925,0.004895104895104696,-0.027880227357393483,0.3394188905567592,0.21290445913687917,-0.18155031796479648
1988-04-01,0.07192812458966746,0.1348153405586563,0.07556079778800573,0.16024208295840459,0.17131234385423344,0.04508878486595225,0.26070095426222606,1.550365923854946,-2.9744833978518077,0.04717781943688526,0.1766221329471669,0.012789067974772417,-0.030460248367144782,0.3138210228141092,0.20297655932320602,-0.1096780208851319
1988-07-01,0.07901419235692231,0.15555662177867347,0.09061296881083192,0.14686524780737442,0.1379824521002211,0.11686977764206197,0.204981707011477,19.034898085237803,-4.560161000256915,0.014120650600133233,0.26152456605565133,0.01243838129083974,-0.017683952544182868,0.3037714396001141,0.22421168941572445,-0.05111082488696894
1988-10-01,0.08334170730325896,0.15768115437200114,0.07974251793118303,0.13479266112259225,0.1420539769449427,0.02520556538883789,0.22422858942065482,-0.4731554207277697,0.06832001223756157,0.10191404090657818,0.0983024228196474,0.021292427451204965,-0.00038564845172150974,0.2572233088323357,0.20648150438611923,-0.04001421464108035
1989-01-01,0.09089959472189713,0.13135256738900858,0.09745471784476556,0.15854288309818276,0.1735514384541832,0.12654071075123707,0.14899604743083006,-0.8040202492672963,-0.3311372286275276,0.04890543836103012,-0.028598755849745472,0.03926003247506271,0.028045427067139972,0.2740663125820477,0.21242775882101927,-0.03356483504192542
1989-04-01,0.09214615775280577,0.1564860539513666,0.09495466429326371,0.1272969490762168,0.14894805020770985,0.03331544170723122,0.15849443535565344,0.27709172980815744,1.232479151709284,0.0448748248831663,0.1302487895997888,0.05149051490514789,0.04256956769660891,0.1506023962322922,0.22560458956806095,-0.08297552972388034
1989-07-01,0.08720479716831409,0.15110161763326357,0.18824989984808638,0.15986291476986958,0.1078148161264374,0.3034076504362091,0.2192183449098144,-0.8115548841582785,0.08059511209467907,0.09728625405133706,0.09473858128946988,0.04308441374624983,0.018578181710865005,0.07497213343506903,0.19139391559455432,-0.10416021328358571
1989-10-01,0.07934864275276099,0.13166691740634873,0.16543101626048085,0.10881677180223215,0.03706373989713452,0.29192709471567824,0.20238416727749708,0.026595593056070177,0.7619695369690895,0.0012959676593360392,0.08084180894590465,0.04281791178613514,-0.0021421520537627803,0.05317543701458338,0.18973970123341677,-0.08446061477822775
1990-01-01,0.07419972890182391,0.13347247437565213,0.17254798275078764,0.1354314773662686,0.0012686538598247754,0.4826897735894262,0.2172578914054546,-0.9004531722054381,0.9871587968502185,-0.012959149814317339,0.12747813923684648,0.033257072707996826,-0.014679338573526102,0.02578700430639924,0.17528678085199823,-0.053030741410488136
1990-04-01,0.0404997277858965,0.09543075861929351,0.16869030684820152,0.06896676080093656,-0.13151935151526928,0.48182844041627115,0.25177266172741275,-0.5000883637557121,0.6505745420361919,-0.04069793624085516,0.0574579405767397,0.035917964465892904,-0.025066945730359724,-0.023880622733637225,0.12350768075491647,0.024274838218500072
1990-07-01,0.04169849702067885,0.07054512322852324,0.09515718777747373,0.06299807925905543,-0.03555673276279381,0.22671624713958805,0.2291195233167691,-4.6934969325153375,-0.200411820357282,0.0046043188194622164,-0.02628428074576661,0.05671949630916151,-0.026811847082769402,-0.04781276818302416,0.1088397992312693,0.05877073701386992
1990-10-01,0.06632150825942662,0.06908094584156999,0.09293717755803965,0.0944443272769453,0.004126979909755635,0.19548007307666282,0.2754622945209142,-0.9663464208363415,-0.021677518970368626,0.07224853713882506,0.05623668762013612,0.03901757403127859,-0.014061005737027177,-0.06880914744984512,0.11003419653824587,0.04849243328584074
1991-01-01,0.07019971426164773,0.05412423792215382,0.07775614620683524,0.04336401357113373,-0.009251623403221165,5.386334868440201e-05,0.23037880243717712,15.079666160849772,0.021430621775079928,0.10871847772026455,0.0871157055008498,0.05071015823297498,0.025251074792405737,-0.04220940735618417,0.11887552375934884,0.0384437646321949
1991-04-01,0.0863994511123316,0.08949581218525382,0.07777360330121752,0.11301477400418847,-0.0063063415944356604,0.1657822528980164,0.27267382738019585,-0.29190444927023884,0.03258295614639839,0.17172736661517063,0.14088804294388857,0.03843099888835955,0.0148316590752966,0.057755368344600155,0.15379511456954642,0.013141219799536863
1991-07-01,0.09209864503223275,0.08640353011794089,0.0696313455354558,0.13419503636045094,0.10162035721726603,0.1025509490276546,0.23868072902211113,-1.3230571612074502,1.1672211472876848,0.1464133188420893,0.2727089547611994,0.019364117314705886,0.01617702376920671,0.11340369960588093,0.18729429694243271,-0.01807960604292569
1991-10-01,0.08533551960131391,0.07961620675890946,0.07347924695296215,0.13906573302597391,0.10678108862556934,0.06917874122707723,0.27235298556898124,6.2227722772277225,0.13260442949257079,0.11155176039062686,0.11487593143644093,0.03719029638442106,0.009336593641900981,0.1209943931679105,0.19152588087491695,-0.043337263068204734
1992-01-01,0.10530040034020138,0.10000562326740559,0.045233268110987934,0.17421706137447845,0.18354105915362529,0.08567850698839297,0.23994193471330272,-0.08356532817439721,0.10053874730969059,0.13180149196697077,0.12453180237358263,0.04178659539473695,-0.0313946063673336,0.14529331963375736,0.18878814691877754,-0.07293777560379988
1992-04-01,0.08509917131513345,0.10148869635174274,0.032473761995442274,0.10261653392027759,0.20695791240103167,-0.011467794782464402,0.05560757581432507,1.0922188146351899,0.20702217835578263,0.07473735392616954,0.10127308327813478,0.05536014681143908,-0.02274481311778509,0.17429633261393596,0.18937487586129276,-0.08198435144325467
1992-07-01,0.07940063845645429,0.09258980600088917,0.018203060439403895,0.09401023654724039,0.1968201023859979,-0.0775315117164368,0.0032564288328391644,1.2459724412147803,0.10493862843709656,0.016711525603881228,0.03529900500811234,0.04282978937821169,-0.023887536806982745,0.1655564566605876,0.21566191993058004,-0.06434844351433167
1992-10-01,0.06518419610140969,0.10318137683437967,0.018688378164828823,0.0989760659107346,0.20664044912482016,-0.03746641786106586,-0.02353414131029352,1.3594928032899247,0.4734506784011734,0.07583201531528228,0.13961350738882938,0.03864951127069571,-0.012549059654156092,0.1331936868985668,0.20229740401015306,-0.02545655570613048
1993-01-01,0.06770084006424071,0.08102684471051202,0.05635152888903927,0.06280771758630133,0.11875363871358369,-0.05671656599982633,0.053749657303329146,0.010812480691998694,0.13393580050074116,0.08829930125363328,0.09868497515371244,0.03315407765553302,0.009445627912255672,0.08599198116794815,0.18977510516027984,0.022703920720749338
1993-04-01,0.07089976118677765,0.08252843143401778,0.03888019241984142,0.10851788648316019,0.1547258017859976,-0.043466403742474125,0.14981490461378333,-0.48989261973751497,0.080243870176409,0.0867184150819349,0.085294938009018,0.03067188330193571,0.01739893712574636,0.0603889328384255,0.1756310717550591,0.042107702696763116
1993-07-01,0.06579953644774084,0.08328838901697577,0.004897598217833865,0.1060765074307295,0.1367229447024303,-0.09791064850902531,0.15612134747813133,-0.6926011842988828,-0.00016857622842658682,0.08008491580924626,0.06204000329374315,0.024352531890220463,0.026226656171918883,0.06639234042246067,0.1429007258112891,0.07226076502470336
1993-10-01,0.06819750341748021,0.07991505462563886,0.025478029204464958,0.11322221495287543,0.15695468549295177,-0.1798845043310876,0.19009759324001463,-0.38087630113773907,0.12861800353400854,0.05697232949328268,0.07183154569573347,0.029673020598261823,0.01280084697379591,0.11624643496253229,0.15230899308767798,0.057328679703134044
1994-01-01,0.05989269355241844,0.08710678693423346,0.004427660199098016,0.0869968045493359,0.13884563825446916,-0.17754023351214898,0.16466849022241292,0.37703748981255103,0.1444028846523533,0.012888279657458979,0.04377783281989367,0.033809273673654605,0.0021357660529159883,0.16045304286389106,0.1629813014914545,0.02571433004647128
1994-04-01,0.07700189533346591,0.08332003922186271,0.02461880601745281,0.0891386582274134,0.08730206830789866,-0.08049871702085665,0.1920220535291819,-0.11113338679497464,-0.04461661768634784,0.028886349071710615,0.012801383670014266,0.03182116412034963,0.0003860052898532196,0.15982947911699075,0.1707403306848081,0.025137940422007565
1994-07-01,0.0699029589068223,0.09046786730188994,-0.007355152784430774,0.08147264652253683,0.10622164368673137,-0.14049236712356616,0.1298938800741809,-0.4974679773607388,-0.011360465116279084,0.03962045295237093,0.028828888700183297,0.05962264150943497,0.0055861949785820375,0.197606858247783,0.16297713918083878,-0.015946331524269608
1994-10-01,0.09199555984567431,0.08633864883103515,0.0030227293903568597,0.11127071212011219,0.1400829406543349,0.003671601254044532,0.09075493954585667,-0.8277291210509853,-0.09573529736047104,0.12625881439630815,0.07777823259308136,0.03865702961063122,0.027320076734711485,0.1600818586922519,0.15564731150840783,-0.022779009332911104
1995-01-01,0.0753999430616461,0.03515414588095922,0.09541409702164749,0.08654720231937119,0.12521156777662834,0.01812862692436812,0.043313147901057114,-0.9375970999482134,-0.19597999596847737,0.13593212382707365,0.050458596537630074,0.04180331655041858,0.05892658839233711,0.09754698459158728,0.1376924661018828,-0.007544729467557687
1995-04-01,0.06469970729403807,0.04707431641504334,0.10440045821176835,0.0793368888421826,0.1548620607646114,-0.008312165336958777,0.01887199489153124,0.6202541162318622,0.17787565249813575,0.12892294962469708,0.13902815944390667,0.04128627878457558,0.06250706343847967,0.058051103375298174,0.11956208879854668,-0.043391420460283436
1995-07-01,0.06969802568438377,0.028359307486447882,0.18221402980133372,0.07169862511715741,0.1041104967326234,9.856295215748823e-05,0.02149679713679986,0.726338668247382,0.11057596179857221,0.15542277589904074,0.1463005007308804,0.025062321937321164,0.07290409037160939,0.024564728669859592,0.11285597056967167,0.02070920804596832
1995-10-01,0.0515096262716046,0.03961599698123153,0.16244040381961988,0.06179819847285506,0.08232778907102722,-0.01182641232084991,0.03959757714404555,-16.997730367680436,-0.055294763153081794,0.07771009529644735,0.05333984196098851,0.0387896201849689,0.057350104249200395,0.012592766699693891,0.09547206964062305,0.035384363169151944
1996-01-01,0.05770341826882919,0.06901407569204965,0.026417922757108414,0.025207062002142733,0.028011240883026645,0.01937601080283269,0.021625531668643783,17.463544754001184,0.11161982760679057,0.086884397883356,0.0917598611642203,0.030149862552096174,0.02903554786346274,0.0024639619984687666,0.08528502727016463,0.04528099135762953
1996-04-01,0.05749922818368791,0.06694603397555565,0.12924212575063487,0.022552828272009995,0.026871271454221413,-0.031013997787291303,0.042190001101013674,-0.8071551204120458,-0.04771985359580577,0.06864723151828533,0.043806533286735894,0.02699991276280178,0.004620898914805993,0.045257493015375294,0.08957497209541398,0.07082531788110535
1996-07-01,0.061999428566851034,0.0745403217012468,0.0363312314742521,0.02887183980509911,0.06439288116301922,-0.060176607403319315,-0.030021200624860467,-4.897333180725649,-0.3448098745558621,0.07018674790397594,-0.011596795097893908,0.03452468840925871,-0.01970549669420607,0.049380446932550504,0.09564879875352927,0.020318705892387712
1996-10-01,0.06929279589293347,0.07351190043068057,0.08821061488886128,0.05189641811291357,0.09714390129944617,-0.027029311335744932,-0.035323654295302376,-1.400817183554181,0.34475993804852867,0.06533521655099594,0.11125345052297364,0.031376955657360206,-0.02439243721234452,0.06967088942751842,0.09848341909639569,0.012622803529082516
1997-01-01,0.056899827107539824,0.06817508919894077,0.07455293525448492,0.08069930552905014,0.12433515471182921,0.016034873153525142,0.019955591304052334,0.10511108257351998,0.2752774898911521,0.08182922537822357,0.12065234493713861,0.017130068003788024,-0.019151730352488627,0.12867770428365666,0.09754400183344769,0.0028179693851140275
1997-04-01,0.05529953680193911,0.06924637257717037,0.027278402391116563,0.07237597994096556,0.17795311613798814,-0.05119326855057893,-0.04026671109142699,4.988691049085659,0.23578418133089563,0.043719388953581184,0.08112408444592356,0.010278190698662648,-0.008889174643707753,0.14390157175353724,0.09029921962027476,0.013334793880308116
1997-07-01,0.061799436582321565,0.07443710273418747,0.08183300433725238,0.10640993685609845,0.1549968041645502,0.0249155848241438,0.0013286628819906277,-0.6433584916742534,0.7444557592215433,0.10204666537937945,0.1859668126807359,0.010956258920325812,-0.0002732182859086496,0.1601068306834188,0.0706444124201393,0.03331128331128319
1997-10-01,0.06743013425915856,0.07233354385562007,0.051238798329982016,0.13350787892292382,0.20428724725248082,-0.06890321235601726,0.009482186553855021,0.18497805465099826,0.3182729960073709,0.11059347371881767,0.15189305666095998,-0.0019275896748235377,0.028799191029811322,0.12047141720659527,0.07283794605557037,0.13169818181818194
1998-01-01,0.047299762677928125,0.07858560628897826,0.0707153790664532,0.12895473289786152,0.21753942153638595,-0.0040932658197143645,-0.011834615277816374,0.611759920980768,0.4294021542322495,0.03452092080714575,0.12470416946750018,0.01578368314150258,0.036258010973035715,0.07566385807558618,0.08668545467300226,0.20114583181864454
1998-04-01,0.04270076636656528,0.0659922750939701,0.09142712163342814,0.07614980162694018,0.15602031288655271,-0.0413069638465966,-0.025630929851523487,0.05472296998674109,0.2572879190343298,0.0427281403714852,0.09049137872154889,0.017404464623533844,0.021536602944133953,0.019449661514427286,0.08139009325338042,0.21180302822839292
1998-07-01,0.04746264571002867,0.05918364899245443,-0.03249883048239166,0.09409491516612256,0.13392740662809044,0.011991241891587734,-0.0019817335860761176,-2.537878787878788,0.1583219439875836,0.036924799386423235,0.06025134624338224,0.005605613918531871,0.011058235818910411,-0.015484843843878493,0.08663537071674354,0.2149231261673532
1998-10-01,0.03158866337234256,0.06387592471957237,0.06109978796495663,0.026261762505206176,0.009194066221084762,0.2636911536954454,0.004473158481283157,1.7987334966246489,0.20778138161750515,-0.015452500748116882,0.035352363783379026,0.028675791418255603,-0.04606340269834164,0.022950562943057085,0.09530138567023139,0.04784764328426783
1999-01-01,0.06260911674994873,0.04249154822322132,0.023035842662010975,0.016577260491507984,0.0031004423266938197,0.0046885465505692725,0.059645711331167695,-0.5976568132660418,-0.2347973122254855,0.10156466469577707,0.003934863558050283,0.00674859404290773,-0.0709032383452457,0.02233678615625667,0.07931383764908051,-0.012193719432473049
1999-04-01,0.07241642175043017,0.06450857293123757,-0.021630113437178355,0.04138035354542402,-0.0062498561796718866,0.21084945561710366,0.07795520215516305,-0.9532589234695821,-0.19595913673682241,0.14505478523932247,0.05753019878561383,-0.0014875418371141924,-0.06001711753421679,0.09321956647773288,0.09350757929095921,-0.027338523113154323
1999-07-01,0.05854716331922183,0.05696584611181854,-0.004734566712757959,0.017214230183902668,0.004316207675278738,0.21684359518754426,-0.0071311404644738285,0.6218676376097665,-0.09039349166859989,0.07623696297666038,0.04125720407861677,0.0029729952927572967,-0.052754347484881725,0.14055905061139007,0.08953389395806055,-0.07282881537005037
1999-10-01,0.07530784397101509,0.04625730797943284,-0.08810533449511082,0.060370216067118676,0.07242970389772596,0.0754817275747508,0.012562120375483099,0.11917264344262302,-0.215361709053426,0.15887525682674353,0.05951973242006203,-0.0011428104975316211,-0.011159752116844168,0.14193221574337622,0.07118017375439645,-0.027791406527898688
2000-01-01,0.060208366154541615,0.07295756287716193,-0.06613996165159164,0.08992407778912637,0.16587304692444538,-0.026712121212121187,-0.0606851342105682,-0.3931099363856285,0.04698989059047265,0.1429468202264026,0.12171814943103376,0.00848264161873713,-0.007108646755786041,0.1936569141181026,0.08273835364032367,-0.05814876205241015
2000-04-01,0.06270041142871086,0.05614038001249688,-0.0739454094292804,0.08638882763301581,0.2949144849879821,-0.2698539685401361,-0.17372201575260193,36.24042379788101,0.1923966007550182,0.1979172546711072,0.19683996170633944,0.013945789364783412,0.004323606033439509,0.1460148618627588,0.07157125274791132,-0.062117098939799664
2000-07-01,0.0718976582271722,0.04875729755825153,0.07539459221806988,0.13473972680949453,0.16697861333086972,-0.04263945894747334,0.09684880525894757,-1.618388907230109,0.096250076950813,0.2363240845611434,0.21063695792937676,0.011115685467270486,0.008857918103244877,0.0700333469454304,0.06188934408853486,-0.02974606862267526
2000-10-01,0.05781843067815795,0.03267025430834347,0.10496700272641557,0.0314804967241451,-0.0013295699924786852,0.25058692697392804,0.0505390189098438,-0.5497701741336232,-0.15898929059815925,0.11892315169336265,0.0642827635010268,0.01634454296571808,0.014604775937009373,0.021569595711877332,0.06595038759319705,0.023378384771877814
2001-01-01,0.014501592552153664,0.012366751577888468,-0.004897629229257627,-0.05659783751515912,-0.010187926882229803,-0.2178028239176798,-0.13602100448886256,-2.3104008267513105,-0.3008743804327043,0.022952871405361064,-0.04391516876198687,0.005826358115870178,0.0026888133889795274,-0.032348116429573914,0.060114789271861646,0.05826133347212825
2001-04-01,-0.025499455705582652,0.00983427188059971,0.011622325127148336,-0.1407442881469858,-0.1585940266159288,-0.10268676985755953,-0.10066930747165692,-1.256226200376417,-0.33714086471408644,-0.07576062288739238,-0.12657664955487424,0.00020406497428804293,-0.014094626890362227,-0.054261610765684365,0.05490071891303683,0.09131031425507441
2001-07-01,-0.04059812711695554,0.010239437348089186,0.01802750221281002,-0.26295838474301636,-0.3366302616537734,-0.03445402947251486,-0.06840967586793723,-1.3362340505045112,-0.39282089953350685,-0.1797100569550949,-0.21509831844225114,0.000122149837133545,-0.01119362340095964,-0.01298941473908688,0.06232284833614998,0.11549379179835095
2001-10-01,-0.0030125827119648063,0.024403088297515918,0.08300440830005651,-0.21447976480014364,-0.34587308862805566,0.270098475117742,-0.03034308400703667,-1.8833347454037108,-0.6410510546172046,-0.027576750977502784,-0.12288854827493223,-0.0061512483415751,-0.03453576623205845,0.06352857001196943,0.0513663658176029,0.06578067355612593
2002-01-01,0.01819298008757686,0.029863194604713206,-0.00039754129352154166,-0.0909918794660799,-0.0969229327169493,-0.07899136249651717,-0.07330000326765351,2.9105452906714735,-0.5503189805245692,0.029635595265488535,-0.05793493289115592,-0.0009382393734196359,-0.016336340443052877,0.1476866017397085,0.0414011168276458,0.07695547126196534
2002-04-01,0.06750093895588116,0.03584300316939215,0.03327804037953741,-0.02723481665690608,-0.01353378984370679,0.03752687247398745,-0.09158023780593649,-0.2998804236419542,-0.4501651692722032,0.13448419335249517,0.048222123052445776,0.00020402334026936586,-0.0009701821049619141,0.20148227553663567,0.04150977174326198,0.02906493987491099
2002-07-01,0.07020006072389351,0.04519649758110633,0.012604012722482905,0.11984621853041877,0.20578877901967374,0.07785647515639615,-0.09546204948119064,4.110670053985392,0.22637308916987076,0.19907792821082038,0.20258416220514275,-0.0020355819728864466,-0.006711936319518719,0.19073654246331428,0.029015650512850488,-0.01931887687389655
2002-10-01,0.06218427369067059,0.028267187730907528,0.025888256419719813,0.07578561316285248,0.2129679379408873,-0.09266846454378863,-0.11741292052681407,-0.830136197966622,-0.18324447441753933,0.13261002165096847,0.11252763860156967,-0.005056634304207552,0.019208085753860127,0.14284493908990248,0.026587509553737343,0.0074146905725853696
2003-01-01,0.051724871219456015,0.013679119905033676,0.029423271034299425,0.01920257873950937,0.04644450333465833,-0.04686993538907014,-0.05285650815591081,-1.0814174589455487,0.18720248885977941,0.11443545376005315,0.11968017399074404,-0.0021232289412433936,0.030748600915301294,0.07386080676285411,0.025141285479951758,-0.00940765456553816
2003-04-01,-0.011504908724283225,-0.01135323040305658,-0.05074220922797967,-0.05855544713839278,-0.05280960362635134,-0.05834866643459813,-0.07755465190572586,-7.562278882517995,0.2582657278432574,0.024011299435028333,0.042141020932794815,-0.001223890339425715,0.012797166149234318,0.07423897226044085,0.02558832301880276,0.007767035378323683
2003-07-01,0.05406549785495329,0.05814852728571074,0.040361456534197426,-0.008078437457571197,-0.010263160499203283,-0.010690638603045421,0.0007651685252316742,-3.2579923571628298,-0.6443511939711594,0.12120065448905604,0.02091542378430855,-0.0059560233345562485,0.007992652571532366,0.13667585877527788,0.04185717159349811,0.007599115054661709
2003-10-01,0.0725709766366256,0.052337418659427426,-0.03430848579819634,0.08659869126630082,0.14112291660287624,-0.05471034857246282,0.019774899749514185,-9.463015245623941,-0.1263320246775098,0.1734124417213856,0.15942105921467897,-0.0019516161821510059,-0.003098943078132632,0.18737018772189007,0.054640163078231385,-0.023966311099884008
2004-01-01,0.06931724653056959,0.0667510829396023,0.01520553294952065,0.11245094826936408,0.2050517989832248,-0.31942051328557175,-0.08071985942339766,-3.1778131634819533,0.15739801195976622,0.1934051010160296,0.19065336689144985,0.005114775563648699,0.019733412494046254,0.21568200212790178,0.06889885047660105,-0.03742901022022316
2004-04-01,0.10796661369594163,0.08966095295053811,0.026420767933070133,0.20251588647618335,0.3289714906993353,-0.10065660922069464,-0.06478466607543965,-0.4122436838876392,0.055335908275295775,0.2431120689655173,0.2255656031442448,0.01196797647251091,0.056134279610535964,0.22698804412297768,0.08122000552920361,-0.038495545910388174
2004-07-01,0.07051478658777932,0.020480337367573043,0.0061755809144052876,0.14355410235387933,0.24752609895604172,-0.15497825280690514,-0.0857210899701687,-1.1565673243622554,0.7214455568514002,0.15038605746284817,0.17644611190674997,0.028850494521278414,0.09259898027171909,0.17928951188240072,0.07215187027052483,-0.007953493668446665
2004-10-01,0.036000559738498916,0.03713610365355424,0.0017570254150771625,0.10836307459035743,0.21627171885034313,-0.21534244366509459,-0.04964890541098721,1.0420002668801707,1.5131510904260064,0.08441517072986815,0.1346687097055428,0.018413655436509968,0.09104920683782836,0.14317614468067497,0.0685882237660762,-0.03133685278590648
2005-01-01,0.03762704122416349,0.03899287218401759,-0.01998899726172454,0.11654343794983557,0.12026479164295156,0.39714847263399844,0.022128086957226012,1.4324478024209926,0.1541656736236423,0.05158357997613372,0.05920414903283455,0.01571405308581597,0.03044733884707318,0.09109552713830471,0.06096859044137881,-0.05588699272900344
2005-04-01,0.048206102998258116,0.03707090974314897,0.04930345762133359,0.08737906478479562,0.10838010053450664,0.09131124116737466,-0.005232811667231885,-0.7589511639676113,-0.07125978011844214,0.05941643324879231,0.04890166045125466,0.021109989909182225,-0.005780877430545561,0.06384060545020098,0.05806812577778597,-0.059468073315900094
2005-07-01,0.050649451152296354,0.03160940297145176,0.002252375981981025,0.019557934258079834,0.00930764939370432,0.10018952618453869,0.03550717683670812,2.479040337463749,-0.3167568518762923,0.07229732579786319,0.04631815441813236,0.03047467092142031,-0.023425244068006945,0.07184859798453314,0.06481477074913689,-0.04878048780487809
2005-10-01,0.07632975392643027,0.026367605705928332,-0.009374033408962146,-0.07122223082614909,-0.11724778981025685,0.07183406113537116,0.05073018080667602,-0.7160641061247162,-1.7931883492390108,0.1464020832883728,-0.004701318414409239,0.024880995239809023,-0.013675183343548558,0.05800736820102492,0.06410032614600136,0.015827665776050326
2006-01-01,0.06054257743577063,0.018011783648055113,-0.021202867568075212,-0.008239386820201089,0.0005533947799551964,-0.036098328604468155,-0.04529497999128329,-1.491232757756922,-0.616883978878433,0.13700649102214935,0.07598081794177913,0.013587174348697273,-0.006088510589933538,0.060696069069470227,0.06656159869346956,0.024825854399376013
2006-04-01,0.05640297369293479,0.013890173666414984,-0.028314471862687207,-0.010051480021073922,0.020498733016162785,-0.17727876026832157,-0.08436719386015568,1.2546909854349821,-0.9879374141849804,0.12151687218603491,0.042472265193003844,0.015179065538777792,0.040439644184427026,0.059167489003511875,0.06662101419129951,0.025032644351731026
2006-07-01,0.07186527323652991,0.017218591215055534,0.00018711867482168465,0.037328094302554016,0.0692652725407168,-0.033873102797976284,-0.0748613188937286,-0.9139133070627463,-2.074072166276045,0.16244196341552208,0.06492091033135128,-0.0034450723852290643,0.07168469240774789,0.03538694636445672,0.05588468223433729,0.014140157738564918
2006-10-01,0.043269838494643276,0.022089111978002895,0.024850740342340583,0.040818217083437025,0.09584805064978341,-0.05948258301079645,-0.10030113504748672,-0.30212888377445335,0.4490821912906573,0.07778910764242952,0.0547373542260694,-0.0009367315873697324,0.05594970703072688,0.05687214375523597,0.05815442762449008,-0.018112639095204774
2007-01-01,0.05642808024988555,0.01749227025611977,0.015590637424429232,-0.016528265131554254,-0.01205233406557693,0.15929947807158573,-0.10337901210999423,-3.419295621430514,-3.18928179560723,0.09416350459371792,-0.00047326234213262985,0.009767092411721467,0.0658583451205057,0.06659077394626145,0.05436726592428154,0.018370990047242408
2007-04-01,0.07122975174178392,0.023102788359083304,0.014529919639103328,0.03974187174013433,0.060779934511163924,-0.01571833442337034,-0.04841479725211262,1.237502182389571,-64.88488745980708,0.10263909390649362,0.0490632838109295,0.002608831087922203,0.06120114525959419,0.07480892362198954,0.048471104614517424,0.028796022992076953
2007-07-01,0.07972191443276677,0.03897370003623202,0.036511550999196896,0.04960966371027342,0.0678532329772743,0.008896563373937294,-0.02532252409539415,0.06602112676056349,1.2494784547874254,0.13035219224279038,0.08113442238810609,0.014604777626724186,0.03142662827185694,0.08025877221457867,0.04029018390512551,0.004042555138926707
2007-10-01,0.0658008832427377,0.01624151835693355,0.020639725836815837,-0.007268297295944248,-0.01715450763841586,-0.01596402043598466,0.0434689323721249,-0.2635831478275208,0.9489289462312489,0.1205593102745608,0.049901533341758286,0.04484900574286099,0.05211624286530259,0.03671490044430237,0.02358808404479884,-0.012702693652914987
2008-01-01,0.07660317352997636,0.021779352273280317,0.0317789548547347,0.020629172623778835,0.026247453853063707,0.07233234472016559,-0.03051173813226693,-1.703285276677065,0.7736061408059369,0.15443587062024444,0.11534751017190947,0.03591008771929749,0.054906603347773864,-0.012007600466695578,0.013352833017888699,-0.042127808242066966
2008-04-01,0.05654658198235407,-0.004867953978459294,0.017258073702796528,-0.09953083648366079,-0.12226194076263397,0.031318523112361385,-0.014941583280759563,0.33557884880484834,2.148780463252836,0.11871024617655923,0.0167933368405786,0.04194337644180357,0.050044233627490886,-0.019436436287221914,0.01999452591144113,-0.08071442808908014
2008-07-01,-0.013902745275965911,-0.041472550307615874,-0.01294995770251739,-0.1454705692073084,-0.17615964789770788,-0.08566963704351382,-0.002804328356017516,13.196531791907514,0.4992804605052765,0.039760965040645635,-0.0022873819913293847,0.04525094751349501,0.06229712117159747,-0.053256668015361996,0.02105097644781706,-0.05236289381563586
2008-10-01,-0.07359934211409402,-0.0433999313785004,0.03138776686331113,-0.2151435276397453,-0.30322919969989715,-0.06096897819669589,0.047873621628607754,5.046126287505598,-0.17629954356412747,-0.16825063777387905,-0.16697619576616352,0.01862030286034777,-0.04190945700409632,-0.03267880099746534,0.05405889282406373,0.01699451193192325
2009-01-01,-0.07875598828825303,-0.034542779964821135,0.034744570003539144,-0.23709134247550134,-0.3026867511653889,-0.224028493543188,0.1637288977159881,-6.2265734265734265,0.3981330001883856,-0.25540490790331816,-0.32101265495199405,-0.00011340868710552066,-0.08900161831678055,0.03303572772643526,0.06929790264202995,0.07828467037532749
2009-04-01,-0.059198061012990966,-0.019826129649473168,0.02385218365061581,-0.1792973096290783,-0.26880729621196975,0.049631681807443595,0.17477097689501409,-0.8657617480379365,-0.030258661202098414,-0.16723503243728266,-0.18853066440158028,-0.008535539900854316,-0.11541249420666067,0.1312537145940329,0.07794244080240964,0.08845830376619612
2009-07-01,-0.011332359758964294,0.007451022626868475,0.04047706564362663,-0.04713884915336508,-0.10830839991625074,0.023988768617237755,0.189191377837981,-2.007503489995347,0.18560941360493421,-0.06541772526154022,-0.09993552294605879,-0.013514998351829566,-0.10983795356694526,0.22098980852677585,0.08449601865809253,0.051684110615155765
2009-10-01,0.08580794651854862,0.04727156747677319,0.030447613375536253,0.1363744754251217,0.15486963394490516,0.1788713168888827,0.06276910656620016,-1.0583475298126064,0.4537277733341536,0.18558410831830208,0.14360215225318895,-0.012553683515031389,-0.018394713341529645,0.2819355043162637,0.06648506525864817,-0.020303045002000863
2010-01-01,0.11549135903302199,0.032216260766542604,0.01890473065680376,0.22637392742180085,0.33673072503226487,-0.027129596389558475,-0.10507487179487185,-1.5642111701517643,-0.09045361548526187,0.37995024095961094,0.4771895850726118,0.012854442344046202,0.05526179804949116,0.2430783704474777,0.04890006590586826,-0.060073945308708465
2010-04-01,0.12020165716695108,0.04306020993466131,0.027000116916276573,0.24981442197492298,0.3157356637854585,0.2612227360150592,0.04156430286802659,9.736834469751923,0.267183801567888,0.34380402550197386,0.35803950463933587,0.011015037593985477,0.07627680329686948,0.15237853746052044,0.03679287487659799,-0.03627934491938256
2010-07-01,0.11540417748766396,0.04545621353166407,0.013930236975574495,0.19936166647749087,0.3007371723862382,-0.018081745385180925,-0.06285944222614293,-1.9042587995304352,0.16997595245662755,0.2190804678037741,0.22797476934173044,0.003749907180514711,0.03354177548102433,0.12310662505091008,0.044313563857408145,-0.025334325281882175
2010-10-01,0.06341677028884041,0.028076324438931932,-0.009270263074155571,0.10666016616488827,0.1539137338734018,0.07071345029239762,-0.008946846447637768,-6.975245953665503,0.2100021426360772,0.19898810676382528,0.19679606038303232,0.011077655105757644,0.02213505036689356,0.09323992983277973,0.05121617673496015,-0.04879392242112912
2011-01-01,0.06722222526499255,0.04563290906512152,0.028075886470841915,0.09344284528976265,0.12647550902994986,-0.1329204006325777,-0.006078720809762572,-0.3063716190579435,0.3090954454550061,0.1054321593021399,0.07950992038091731,0.012728630085852233,0.021646488712661727,0.0932324842072445,0.05960548165242763,-0.07644958489408782
2011-04-01,0.04159825907909864,0.03481074017312413,0.011791881192481979,0.044440965310549974,0.09083169337060903,-0.1530637075972161,-0.05509139938117413,-0.5172614141523328,0.1941542984247564,0.04006474442403829,0.013351349815467817,0.016323950470382265,0.019415342049461604,0.08075082089994656,0.060866904181094084,-0.09492073235660725
2011-07-01,0.03283189889841531,0.03307634195538989,0.02416336049471779,-0.06938901970504396,-0.0701859610608544,-0.0412813404294069,-0.07498959578811082,-0.7123520898952924,0.306614145783892,0.011153418917058566,-0.039835719507777756,0.013464028111707771,0.02544256028689551,0.07103714117848647,0.060842184134552335,-0.0864780316894248
2011-10-01,0.008941165624375857,0.008150948347259934,0.024029968635188137,-0.10376055954219277,-0.10282151924883876,-0.17607541563803986,-0.06906977239338263,-3.761897174421075,0.3111527934450886,0.009448821204440794,-0.05125978595713776,0.014338762454501941,0.025695563853132874,0.04277472134831206,0.052149917498683473,-0.01542355402147777
2012-01-01,0.010889027482950286,0.01952686205753218,0.023474561631639634,-0.07153375919176885,-0.06196120215210943,-0.12162203240417058,-0.11236462926406288,-0.5140172309375428,0.1818850506253722,-0.002849422589757178,-0.03136304425566261,0.0128635140614064,0.0039291008437547514,0.03387220142632286,0.05065764240365933,0.00714268772426796
2012-04-01,0.010393392032586934,0.020668430873795884,0.042187959363668925,-0.0435100718089283,-0.018257670079720567,-0.1278205570240969,-0.12579934930162118,-0.42284546701374315,0.04748428700587137,-0.012760884115029403,-0.02506862996432313,0.016537392067906165,-0.011235231987062666,0.03398037244477181,0.04436235118767695,0.026277725872867475
2012-07-01,0.021794499506244458,0.013843906056641098,0.00836303647289105,0.023575031991486695,0.058147253979139,-0.10315131815015721,-0.08903155774875204,-0.07820361053566138,0.06060415861664503,0.034362078130391494,0.028199279391158294,0.029490127376911257,-0.013047824065443026,0.029876776018582296,0.03813138312879083,0.02280657897890892
2012-10-01,0.04475764345873645,0.02283527732363777,0.021683399957113325,0.043056442376883775,0.0956685471082177,-0.013469977594230187,-0.09516158543558306,-0.5150670179419626,0.08619476522197278,0.055021688633429156,0.046352970087005785,0.018449382000072845,-0.024281402576283306,0.04044475028305716,0.0340661285781918,-0.034743561785055777
2013-01-01,0.014972052649340428,0.009652071120212824,-0.005970520208699259,0.08286554012107183,0.09913182791762298,0.2004429678848283,-0.059755780722265506,-0.14684836790480782,-0.031012127182981075,0.0365441672689808,0.049267018862051204,0.0180494905385733,-0.014498592219722273,0.05219938815727043,0.03434251734754845,-0.005901054721011989
2013-04-01,0.026758617334277757,0.02542176388666051,-0.0212770403339132,0.0731189776999992,0.10110005899369989,0.0606812641380976,-0.0627872468417886,-2.7183317167798253,0.1171458223709525,0.04003154996896674,0.023105153281865798,0.007954218255111112,-0.018865516344168776,0.06879877076086638,0.04280437105411927,0.00992636150298054
2013-07-01,0.01949483452079126,0.02217671624508344,-0.010285718160811141,0.03202937050695831,0.0543231066294787,-0.13560837844198637,-0.026928082030698852,-1.270166144955454,0.045114853781270225,0.01834799191602121,0.01186383957071202,0.0004254263126175495,-0.012740186217503613,0.08330021184090786,0.05456562596772718,0.002775536441889548
2013-10-01,0.03726504813162146,0.04514099603033195,-0.016226748447808137,0.09514746356832449,0.11590282791511175,0.060327102175753655,0.03497652433822651,-0.21156362771146453,-0.010049827002367007,0.034140240927232446,0.04689667824242805,0.005516406861697742,0.001124911827242281,0.08644570515683592,0.0593097428319318,0.01427784110553132
2014-01-01,0.04690982773421948,0.031937089219749915,0.042494355606142564,0.040686613053243725,0.05072453453282466,0.14264298892988925,-0.07352307267200886,-0.012580690760024549,0.11908136121216217,0.037554921612099834,0.02337579640878884,0.007935373177008875,0.008013372374851446,0.09135732700884636,0.05822270959370157,0.02756860847228748
2014-04-01,0.049230510203027045,0.03964975510127999,0.026728368044806494,0.036509971278822606,0.066289430707962,-0.15961984429352327,-0.06493962189872227,-0.661379543915105,0.07727838014953381,0.04867443773159774,0.04181884139128722,0.01635422246027418,0.009905115826180921,0.08231892645106842,0.05962927091883885,0.007014369274324972
2014-07-01,0.04902496700489012,0.04339923705763504,0.038855390729384265,0.05116703378816667,0.06338422502557672,0.24496297103027653,-0.07907224052784645,-11.472667855020797,0.030501162572594387,0.07806870887809869,0.0899703937275611,0.01509621177221021,0.009179387700210873,0.07526154782356853,0.05525389042159379,0.0037694901672731262
2014-10-01,0.0437742534481822,0.0331339037706786,0.04276125153639909,0.01264557887183515,0.037566407567045434,0.051939163498098795,-0.10491256777218771,-1.5276632129564431,0.08546813726630353,0.0724054495028541,0.06883973317079772,0.008388489717906067,-0.010681727153944887,0.07006870103749563,0.0534917387824021,0.041545450250082716
2015-01-01,0.047951882908842114,0.0342053389178012,-0.028347747644548837,0.009165270065154107,0.030546429950349285,-0.2859521646987587,-0.038855684000811186,-0.5079690780683337,0.2910512961121283,0.0647546364437026,0.021716285203176255,-0.005851478828285628,-0.05586909220157277,0.05675563445582421,0.06315740455675178,0.0405201118477605
2015-04-01,0.018939560456719073,0.03863533430205135,0.007922576396891312,0.019741064859025936,0.013590673004323373,0.22209081725675706,-0.01100138203717771,-3.664694115685948,-0.10961297514019819,-0.001224650204136979,0.025637302770211257,-0.007026666198222564,-0.06721601599301463,0.06039619451699019,0.06621454070670074,0.027321643475925583
2015-07-01,-0.002830608087537323,0.012566620988907484,0.0032994593239819014,0.04730484081988662,0.07017198874524233,-0.05581191908146532,-0.0605360767023585,-0.6628180760829481,-0.10097997297218397,-0.019524560831241655,-0.0002559046962167244,-0.0026182579856868227,-0.07162583679597256,0.06051627446006336,0.0619158107715263,0.07167067479601785
2015-10-01,-0.002025630611324436,0.029616949274248183,0.009512176502022962,0.0297384293053804,0.0576211742628836,-0.11918359478541651,-0.014924864086875211,-1.2526927842912974,-0.12373826115030018,-0.021303326528637978,0.007093305158645036,0.0032292032292036144,-0.06623476073442558,0.06617820727159662,0.06217627525643077,0.06429108395007321
2016-01-01,-0.0008597492881813329,0.028828481942013706,0.06501420239985567,0.013398471510109422,0.01825285295312362,-0.04116316868065861,-0.017799071568651792,-2.2239356027543398,-0.15180104459506638,-0.052935057453427525,-0.029175542440435853,0.017443727035993284,-0.0431579870058556,0.06393234002125214,0.052009334004133434,0.05563574209476796
2016-04-01,0.01690634074418451,0.020372622168280063,0.02214707293129803,0.014696271213204604,0.028239114586785075,-0.04139029455051313,-0.05390673440869176,-0.5345469331581746,0.0312100897095986,-0.02209994305679508,-0.033569563439914574,0.013338994445034613,-0.03428530286157461,0.0627942173000049,0.0440243024532212,0.046922903152935236
2016-07-01,0.02998325519476097,0.029694015186575884,0.03482539640800453,0.04595102166589626,0.05470005364442998,-0.07534801843744932,0.0218824493444576,-1.5167423860003364,0.026879646112354827,0.0018480424017850439,-0.0034767254016701,0.007105355267763569,-0.035727490547963314,0.0636155503921283,0.04422454011205912,-0.015236540383505304
2016-10-01,0.03916388205774979,0.026647753156337384,0.02829637920082284,0.06099568821566148,0.06185868069876288,-0.014786748009739337,0.08721513991122687,1.3085628064881178,0.06484123076722437,0.03164216496922556,0.023634447585829887,0.017878384997550567,-0.006989444711806292,0.06303776272666295,0.04018742550903465,-0.032394284722623956
2017-01-01,0.03242408399218899,0.02454838247988045,-0.04114259028642586,0.04494614417768439,0.03436794786389674,0.18786159118546641,0.08739827124298638,-1.951822503961965,0.07794974516103026,0.04319160006023948,0.03589359297249195,0.0077834653951336374,0.013484201743994895,0.05227899603817354,0.03639071039590225,-0.06741687580770428
2017-04-01,0.026410647442118407,0.02033000591172307,0.016427854186184643,0.007455686271119477,0.0021553196563348642,-0.08147556153781443,0.08705689021050156,2.4994288018278343,0.02885009919103787,0.022421570363873045,0.020945767853053354,0.00565642458100557,-0.004492927777774769,0.04193708736897528,0.038018683853518365,-0.06683826022625694
2017-07-01,0.03607001456766867,0.02768851501660019,0.017045869636340027,-0.023797485488609826,-0.03589472564194607,-0.007740480961923812,0.06299320223797644,8.551611852816672,0.30540763240078195,0.07659542734230995,0.026439382109352705,0.007402773433427212,0.00838180378441411,0.048592673072636705,0.03717552340857022,-0.04561944294732989
2017-10-01,0.03714065812275957,0.0352160023967365,-0.01015901125036589,-0.03251223231013978,-0.04498005158824814,0.0006247830614369843,0.021228217670437255,4.6155228758169935,0.24332190207905935,0.03729123770304277,-0.014404495979010612,0.004055958477985122,0.008963836912856404,0.04342091642747259,0.03836302979329265,-0.05233580753461953
2018-01-01,0.034084824055891305,0.029130193910624103,0.06988074816053458,0.008261083293818805,0.007554832758992935,-0.032883511710873226,0.029041930085533574,0.5501165501165501,0.04725263476990782,0.014670699897286754,0.007551881282482187,0.015620651266351482,-0.007109542505363331,0.04571900897463599,0.03599782709023258,-0.05720798783369718
2018-04-01,0.034192677105400415,0.028190011313002028,0.06396924736805532,0.010632534999297283,0.010885909545204964,0.0510372303887896,-0.006973688946478096,-0.46456072971675466,0.1109186171166392,0.03111695116296742,0.012654981303842794,0.017186306506492555,0.03348565587209906,0.05949897360400014,0.03805366211927619,-0.016110224723926203
2018-07-01,0.02289553728373206,0.012551725075908848,-0.010832512215269818,0.06361628762930538,0.06008960017075937,0.2297341647522153,0.03249753546783252,-1.530886714621757,-0.09862430092971897,-0.0028288415727576455,0.023876729186014467,0.016697716138825314,0.047570229972301536,0.05393056853566125,0.0347944369642299,0.013299075636635127
2018-10-01,0.021239109018510893,0.012742036437546789,0.04289862135985811,0.04286054728378552,0.017243991216278065,0.22780629943110875,0.07735388952295419,-1.9897285186370648,-0.08300199602764635,-0.02926494228543175,-0.012255833359641755,0.00462154667762138,0.01711960412451008,0.05364008491482464,0.031837769345727684,0.02472607742878008
2019-01-01,0.02050726023237237,0.01695952705046877,-0.025049189614795186,0.08771012029063052,0.09280134578364896,0.02229350441058542,0.06479045026934838,-0.5806659505907626,-0.01271571128098814,0.006262231736664736,0.010572102404302841,0.003151440413797113,-0.0024962441251624723,0.06860826080451776,0.03181210118733779,0.05151928520274196
2019-04-01,0.02990603829842442,0.01551047114864823,-0.021946830533016715,0.1333287338997713,0.13181488503480132,0.11556978846698462,0.1507108747066339,-1.706487824122225,0.052019161574094586,0.009918521785247325,-0.0007665025832892525,0.008123698672219737,-0.01459907120360815,0.07345603238204768,0.03177762119450045,0.04576128923955003
2019-07-01,0.03428274274646026,0.025465547550407974,0.043801405004341376,0.05407231881473984,0.058781671183698814,-0.11235655190819327,0.08421201202198492,-1.6219296837373576,0.0983057438413677,-0.005788678201450903,-0.03133583486187275,0.004105870376653886,-0.04264199262548274,0.07590429748714067,0.0318402687809638,0.017328814001238424
2019-10-01,0.037012136288763875,0.03191242804096994,0.02181229091033443,0.171180014624996,0.21012834170072203,0.03343956242654378,0.07333973973046826,-1.117069441994473,-0.06744003673933074,0.01714314643160164,0.041998254331026885,0.006985619845975455,-0.05239103899568076,0.07790072924593283,0.04143765252924814,-0.01149283763248199
2020-01-01,0.02884640394796656,-0.02129987962235247,0.03565548822666775,0.09097850760063197,0.08536268798665114,0.17467838092249766,0.11531118747613589,3.7507684426229506,0.05504955697624392,-0.021736470061147095,-0.03877264997410712,0.005429400717090749,-0.04812844735841815,0.07355595003093995,0.04515958873558157,-0.022183519979762423
2020-04-01,0.006160610602586658,-0.055186758921770274,-0.005102949501631593,0.05162864314078064,0.031757809601543396,0.4430557725355413,0.038554520470276854,-4.058683181887405,0.034055155702626294,-0.038184663950004305,-0.05748745635447117,-0.009717284577620222,-0.09174580945559274,0.08878063365773836,0.04819401085718211,-0.03896558366508285
2020-07-01,0.04441027961140809,-0.012611419290191161,0.039032299045971275,0.07299319857805808,0.06435363270951289,0.2947407373143993,0.06310638721484962,2.69406298399587,0.274749315267625,0.030830144542836724,-0.03704504712333767,-0.004731168260619034,-0.07336317229629385,0.11290915646564503,0.0667674618422669,-0.05548667775118776
2020-10-01,0.053944091235840874,-0.013784120689745438,0.03979580596267773,0.03437683451137952,0.013438303099645887,0.23924240270320518,0.03857874043351872,3.4206428930185835,0.3699917780564823,0.06846206662888776,-0.010837627953423135,-0.00043991743088300783,-0.045932824889708956,0.15110971250367045,0.07987227429990185,-0.05689327389537169
2021-01-01,0.09290111428460635,0.025543577701878428,0.04724700020371575,0.12124845247812566,0.13657071360088224,0.3284451211368433,-0.08830689642055611,-0.5525961071871461,0.43578402978152875,0.2183379926419322,0.16538527453694551,0.007981252547208939,0.013565049184627087,0.17869437616745087,0.08659607063225461,-0.05840854137852114
2021-04-01,0.07848410474523448,-0.00676117630669415,0.020057764571808523,0.1310390092680742,0.18639360160395757,-0.1887246941647721,-0.07912954467907651,0.13776907373906688,0.35714393840769487,0.22608879173372776,0.18766907723767723,0.02126641137855545,0.1027597592026459,0.17536512423098682,0.09041310476922293,-0.06489545437842204
2021-07-01,0.04137324616587512,-0.05579231361728276,0.03500998538582012,0.19800862454741464,0.2424820159222283,0.19241899181879885,-0.1111287185766765,-1.6907929675489841,-0.03746562010269938,0.14096754819382573,0.20669692840827225,0.022817561373128292,0.11685266256630178,0.15455962687692248,0.0873117931657188,-0.05460829571240089
2021-10-01,0.05225746131956832,0.022889494642697628,0.044436040718733194,0.12641975673146555,0.18906131200805176,0.04430619898521959,-0.11555518627379702,-1.5709822189399534,0.0076242647955300225,0.12201124504844074,0.16367595578709437,0.02674520956056381,0.1358786421945659,0.13322357306532173,0.0800572637532857,-0.032343608262113244
2022-01-01,0.0387315032288178,0.006662858846759212,-0.005639628234176075,0.09221450187550118,0.10334244279326543,0.009470572859067383,0.02315635756753931,0.15889370932754887,0.09183992801008456,0.08977873790924673,0.08916033090385445,0.028100677246537753,0.11325908804370655,0.11170435693704706,0.08130206462427814,-0.013692067618453874
2022-04-01,0.029512794030136513,0.031400040162842036,0.05986129566024023,0.11271002473171876,0.11379615334100546,0.34583819849874886,0.00378759808643947,-0.29420602736528867,-0.10239790660009906,0.047799296636984456,0.09811370386686402,0.034516237027114816,0.13774002954209785,0.08118007582049547,0.07691286322104074,0.05242982741312585
2022-07-01,0.036397006716010205,0.07523431144026405,0.021095384892329205,0.019583789642282134,0.00045183725361397364,0.317868592144291,0.05848365504610942,-0.8835096805519027,0.02608887413505312,0.021531563162821676,0.020192470416143804,0.029279952195996328,0.09780864096432618,0.0681701050619481,0.0691522811363614,0.0906837156070277
2022-10-01,-0.0040908993210669875,0.03235258794768847,0.05794280446357836,0.033088792069057904,0.043584824940312794,-0.029565849289371893,0.004110055544464863,-5.305143766789374,-0.1620732457833085,-0.05137040262470627,-0.016454995749474288,0.026015563175943113,0.07372783346183498,0.04219635161141411,0.07248037078448144,0.1266912580769135
2023-01-01,-0.017578952891161626,0.06604974182203982,0.03171421607614744,0.014813473298562307,0.009768403308714424,0.09347860728228818,0.040156998674686584,-0.4356491446992149,-0.32962517021759075,-0.10857382244882097,-0.04171145692363032,0.026087896961950685,0.03251604379010953,0.021819616959948496,0.06822581901282954,0.08557142857142863
2023-04-01,0.026268338606312502,0.08833622506180983,0.01164851898668684,-0.01336070434355574,-0.021097742290067778,-0.008390863007077032,0.05627968402660999,-0.6182593779063759,-0.023761166802737432,-0.05045926209272644,-0.056234592370916214,0.02369017183910227,-0.03877489599008577,0.02084311170202513,0.06285171443401327,0.06163418682724986
2023-07-01,0.02183829931288339,0.051862668115429056,0.02471159249424293,-0.002210660852984825,0.0011825765959272427,-0.09998522273879484,0.025340876901522646,-2.773529003126085,-0.004017833666761894,0.018224282492546928,0.02447841389986327,0.031273343009192045,-0.017361479934351887,0.0127476480426163,0.05873143502160971,0.035861488208997816
2023-10-01,0.04724608176274159,0.03040416236372301,0.024079906306699872,-0.005744582783025143,-0.03666617296489072,0.15885482424442965,0.0870396575718948,-0.5979334889417856,0.17538602684884563,0.11474117955063101,0.09396151400501807,0.0317138541633224,-0.020720761152499767,0.014103342674532282,0.048049000387893503,0.0038732506614811424
